"lam","U"
100,432.978490335452
200,36.096485195491
300,16.0449888332004
400,9.02803522413176
500,5.78196477011004
600,4.01625992526232
700,2.95216369013179
800,2.25920488082949
900,1.79885545322967
1000,1.44708933832877
2000,0.36279295964155
3000,0.161872599298449
4000,0.0948187859757113
5000,0.116692804614131
