"lam","U"
1000,499.172319434443
2000,249.589527266298
3000,166.393663459148
4000,124.794339283532
5000,99.8351460117308
6000,83.1954476509779
7000,71.3092018235334
8000,62.3962745861596
9000,55.4632185299246
10000,49.9167374501525